,X,pm2.5,pm10,temp,humidty,level,AQI
1,1,6.67,11.03,14.8,75.6,verylow,11.11666667
2,2,5.3,9.97,12,99.9,verylow,8.833333333
3,3,4.1,5,14.3,99.9,verylow,6.833333333
4,4,1.615,4.915,16.6,61.4,verylow,2.691666667
5,5,7.85,11.9,13.2,99.9,verylow,13.08333333
6,6,5.6,7.57,13.1,99.9,verylow,9.333333333
7,7,5.93,7.67,13.3,99.9,verylow,9.883333333
8,8,7.1,8.85,13.8,99.9,verylow,11.83333333
9,9,7.47,9.97,14.8,90.4,verylow,12.45
10,10,5.62,7.18,14.4,99.9,verylow,9.366666667
11,11,5.55,6.62,13.4,99.9,verylow,9.25
12,12,4.47,13.57,15.5,99.9,verylow,7.45
13,13,5.55,7.75,14.7,75.8,verylow,9.25
14,14,6.33,8.97,14.3,99.9,verylow,10.55
15,15,6.5,9.53,12,99.9,verylow,10.83333333
16,16,5.1,5.6,16.6,61.5,verylow,8.5
17,17,5.13,8.6,13.3,99.9,verylow,8.55
18,18,7.765,8.8,13,99.9,verylow,12.94166667
19,19,7.68,12.63,13.4,99.9,verylow,12.8
20,20,6.1,12.77,13.9,99.9,verylow,10.16666667
21,21,5.43,6.2,14.8,90.4,verylow,9.05
22,22,6.47,11.02,13.5,78.4,verylow,10.78333333
23,23,7.63,12.07,14.4,99.9,verylow,12.71666667
24,24,5.35,7.45,13.5,99.9,verylow,8.916666667
25,25,5.7,7.9,15.5,99.9,verylow,9.5
26,26,5.55,6.05,14.7,76,verylow,9.25
27,27,4,7.03,14.2,99.9,verylow,6.666666667
28,28,5.1,7.67,13.4,99.9,verylow,8.5
29,29,6.4,7.2,12.5,99.9,verylow,10.66666667
30,30,6,10.53,12,99.9,verylow,10
31,31,4.5,5.03,12.6,99.9,verylow,7.5
32,32,1.3,4.23,18.1,60.5,verylow,2.166666667
33,33,2.7,10.27,12.1,99.9,verylow,4.5
34,34,1.1,4.47,13.8,90.4,verylow,1.833333333
35,35,2,4.67,14.8,99.9,verylow,3.333333333
36,36,6.515,8.1,13.5,99.9,verylow,10.85833333
37,37,1.93,8.23,12.6,99.9,verylow,3.216666667
38,38,3.33,9,13.1,99.9,verylow,5.55
39,39,10.23,14.1,12.5,99.9,verylow,17.05
40,40,0.9,3.72,12.3,99.9,verylow,1.5
41,41,1.4,4.3,13.4,99.9,verylow,2.333333333
42,42,1.2,6.2,12.4,99.9,verylow,2
43,43,2.3,3.9,12.7,99.9,verylow,3.833333333
44,44,1.7,7.77,18.1,60.5,verylow,2.833333333
45,45,1.32,3.75,12.1,99.9,verylow,2.2
46,46,1.43,5.17,13.8,90.4,verylow,2.383333333
47,47,3.28,9.38,12,99.9,verylow,5.466666667
48,48,1.53,5.23,14.8,99.9,verylow,2.55
49,49,3.835,7.21,13.6,99.9,verylow,6.391666667
50,50,1.67,6.67,13,99.9,verylow,2.783333333
51,51,3.47,9.8,12.4,99.9,verylow,5.783333333
52,52,1.07,4.13,12.2,99.9,verylow,1.783333333
53,53,5.67,8.53,13.4,99.9,verylow,9.45
54,54,1.3,7.75,12.4,99.9,verylow,2.166666667
55,55,1.7,3.37,12.6,99.9,verylow,2.833333333
56,56,1.63,3.33,15.8,99.9,verylow,2.716666667
57,57,1.4,3.33,15.1,86,verylow,2.333333333
58,58,2,6.97,13.8,99.9,verylow,3.333333333
59,59,1.6,4.15,16.7,65.3,verylow,2.666666667
60,60,1.37,3.2,12.8,99.9,verylow,2.283333333
61,61,2.3,5.37,11.9,99.9,verylow,3.833333333
62,62,1.3,3.73,13.4,99.9,verylow,2.166666667
63,63,2,2.73,15.2,99.9,verylow,3.333333333
64,64,1,3.65,15.4,99.9,verylow,1.666666667
65,65,1.33,3.58,12.7,99.9,verylow,2.216666667
66,66,4.05,6.21,13.9,99.9,verylow,6.75
67,67,26.93,28.33,13.7,92.5,low,44.88333333
68,68,1.58,5.55,14.7,70.9,verylow,2.633333333
69,69,1.75,3.85,10.9,99.9,verylow,2.916666667
70,70,1.47,2.6,15.5,99.9,verylow,2.45
71,71,1.9,6.23,15.1,86.5,verylow,3.166666667
72,72,1.77,5.45,13.8,99.9,verylow,2.95
73,73,1.63,6.4,16.7,65.4,verylow,2.716666667
74,74,2.03,4.9,12.7,99.9,verylow,3.383333333
75,75,1.73,3.53,13.2,99.9,verylow,2.883333333
76,76,1.7,4.1,12.9,70.2,verylow,2.833333333
77,77,1.43,2.4,15.2,99.9,verylow,2.383333333
78,78,1,2.58,15.8,99.9,verylow,1.666666667
79,79,2,5.2,12.2,99.9,verylow,3.333333333
80,80,1.87,6.7,12.5,99.9,verylow,3.116666667
81,81,1.55,6.1,13.3,99.9,verylow,2.583333333
82,82,14.24,5.31,13.6,93.2,verylow,23.73333333
83,83,26.67,28.17,14.7,70.5,low,44.45
84,84,2,11.5,10.9,99.9,verylow,3.333333333
85,85,1.3,6.2,15.4,99.9,verylow,2.166666667
86,86,1.07,3.27,17.7,60.3,verylow,1.783333333
87,87,1.5,3.9,6.8,99.9,verylow,2.5
88,88,1.3,4.07,4.8,99.9,verylow,2.166666667
89,89,2.1,2.58,6.6,99.9,verylow,3.5
90,90,1.37,3.77,7.4,93.9,verylow,2.283333333
91,91,1.6,5.67,7.3,99.9,verylow,2.666666667
92,92,1.6,3.53,5.3,99.9,verylow,2.666666667
93,93,1.5,3.77,5.4,99.9,verylow,2.5
94,94,1.3,3.37,5.5,99.9,verylow,2.166666667
95,95,1.1,2.58,5.1,99.9,verylow,1.833333333
96,96,2.03,5.37,5.4,99.9,verylow,3.383333333
97,97,26.235,90.32,5.7,99.9,low,43.725
98,98,17.2,115.68,5.6,99.9,low,28.66666667
99,99,7.72,18.9,5,99.9,verylow,12.86666667
100,100,8.6,32.7,17.8,60.2,verylow,14.33333333
101,101,10.63,19.2,6.8,99.9,verylow,17.71666667
102,102,17,187.2,4.7,99.9,low,28.33333333
103,103,20.77,37.93,6.3,99.9,low,34.61666667
104,104,16.8,125.53,7.3,94,low,28
105,105,10.87,18.93,7.3,99.9,verylow,18.11666667
106,106,36.07,239.7,5.3,99.9,medium,60.11666667
107,107,20.3,40.6,5.3,99.9,low,33.83333333
108,108,7.9,68.57,5.5,99.9,verylow,13.16666667
109,109,34.5,41,5,99.9,medium,57.5
110,110,6.27,24.33,5.5,99.9,verylow,10.45
111,111,10.37,50.77,4.9,99.9,verylow,17.28333333
112,112,14.63,26.07,5.7,99.9,verylow,24.38333333
113,113,26.235,110.35,4.9,99.9,low,43.725
114,114,21.37,112.07,5.6,99.9,low,35.61666667
115,115,7.37,24.3,17.8,60.1,verylow,12.28333333
116,116,10.63,22.37,6.9,99.9,verylow,17.71666667
117,117,9,52.57,4.7,99.9,verylow,15
118,118,18.67,221.57,4.9,99.9,low,31.11666667
119,119,18.83,27.93,6.4,99.9,low,31.38333333
120,120,17.33,169.93,5.2,99.9,low,28.88333333
121,121,15.93,49.33,4,99.9,low,26.55
122,122,33.8,223.83,5.3,99.9,medium,56.33333333
123,123,18.33,36.8,5.9,99.9,low,30.55
124,124,8.2,71.23,6.4,99.9,verylow,13.66666667
125,125,14.8,75.1,5.3,99.9,verylow,24.66666667
126,126,34.5,38.53,5.1,99.9,medium,57.5
127,127,12.1,31.33,6.3,99.9,verylow,20.16666667
128,128,14.15,35,7.4,92.9,verylow,23.58333333
129,129,6.27,26.93,7,99.9,verylow,10.45
130,130,9.215,17.6,17.6,60.6,verylow,15.35833333
131,131,17.02,140.62,6.8,99.9,low,28.36666667
132,132,8.38,21.52,5.7,99.9,verylow,13.96666667
133,133,10.9,20.43,4.9,99.9,verylow,18.16666667
134,134,7.97,14.77,6.5,99.9,verylow,13.28333333
135,135,9.53,13.37,5.1,99.9,verylow,15.88333333
136,136,11.8,21.37,4,99.9,verylow,19.66666667
137,137,14.07,61.3,5.2,99.9,verylow,23.45
138,138,7.77,13.27,5.9,99.9,verylow,12.95
139,139,4.07,5.93,6.3,99.9,verylow,6.783333333
140,140,9.47,12.4,5.3,99.9,verylow,15.78333333
141,141,34.73,38,5.3,99.9,medium,57.88333333
142,142,7.2,12.4,6.1,99.9,verylow,12
143,143,10.03,24.9,5.2,99.9,verylow,16.71666667
144,144,5.73,8.97,7.4,92.8,verylow,9.55
145,145,6.9,10.4,7.1,99.9,verylow,11.5
146,146,10.7,12.1,17.6,60.7,verylow,17.83333333
147,147,26.235,24.65,6.8,99.9,low,43.725
148,148,5.68,8.27,5,99.9,verylow,9.466666667
149,149,7.63,8.33,5.7,99.9,verylow,12.71666667
150,150,13.6,22.13,9.7,99.9,verylow,22.66666667
151,151,7.23,12.7,12,99.9,verylow,12.05
152,152,9.1,13.43,15.5,61.5,verylow,15.16666667
153,153,5.5,8.1,9.5,83.2,verylow,9.166666667
154,154,16.33,123.77,10.1,99.9,low,27.21666667
155,155,5.3,7.87,8,99.9,verylow,8.833333333
156,156,4.13,6.73,8,87.5,verylow,6.883333333
157,157,9.83,13.13,17.4,59,verylow,16.38333333
158,158,36.27,40.03,8.6,99.9,medium,60.45
159,159,7.6,10.9,19.3,99.9,verylow,12.66666667
160,160,29.1,32.2,8.7,99.9,low,48.5
161,161,5.9,9.1,10.1,99.9,verylow,9.833333333
162,162,8.13,16.47,8.6,99.9,verylow,13.55
163,163,4.53,7.8,10.5,92.5,verylow,7.55
164,164,11.1,12.4,20.7,64.7,verylow,18.5
165,165,12.69,9.835,13.7,98.4,verylow,21.15
166,166,8.53,10.9,9.8,99.3,verylow,14.21666667
167,167,8.3,14.13,12,99.9,verylow,13.83333333
168,168,7.07,7.77,15.1,64.3,verylow,11.78333333
169,169,14.47,24.67,9.6,83.3,verylow,24.11666667
170,170,14.93,16.25,10,99.9,verylow,24.88333333
171,171,17.97,25.73,7.8,99.9,low,29.95
172,172,17.13,22.07,17.5,58.9,low,28.55
173,173,16.37,31.77,8.7,99.9,low,27.28333333
174,174,21.87,26.83,19.3,99.9,low,36.45
175,175,12.1,24.97,8.7,99.9,verylow,20.16666667
176,176,13.5,16.67,10.1,99.9,verylow,22.5
177,177,13.9,21.3,8.7,99.9,verylow,23.16666667
178,178,39.015,22.25,10.8,92.3,medium,65.025
179,179,10.5,20.83,21.2,62.5,verylow,17.5
180,180,17.08,20.5,13.7,98.5,low,28.46666667
181,181,39.33,43.33,9.8,98.4,medium,65.55
182,182,13.77,21.77,11,99.9,verylow,22.95
183,183,16,26.1,9.7,57.9,low,26.66666667
184,184,19.73,24.37,10,72.2,low,32.88333333
185,185,12.23,13.63,10.3,80,verylow,20.38333333
186,186,19.33,24.77,14.5,46.6,low,32.21666667
187,187,12.77,23.77,8.5,88.6,verylow,21.28333333
188,188,15.18,16.5,8.9,99.9,low,25.3
189,189,17.1,25.83,9,99.9,low,28.5
190,190,17.7,22.73,10.7,99.9,low,29.5
191,191,16.67,32.7,12.9,68.5,low,27.78333333
192,192,21.67,28.07,17.5,58.2,verylow,36.11666667
193,193,12.23,24.37,17.4,88.2,verylow,20.38333333
194,194,15.17,20.6,9.4,99.9,verylow,25.28333333
195,195,9.595,7.815,7.5,53.9,low,15.99166667
196,196,13.67,21.73,18.9,46.4,medium,22.78333333
197,197,20.25,23.7,10.8,52.6,verylow,33.75
198,198,38.7,42.67,10.9,99.9,low,64.5
199,199,13.87,21.8,9.7,57.5,low,23.11666667
200,200,18.93,31.23,10,72.9,verylow,31.55
201,201,20.98,26.48,10.6,80.8,low,34.96666667
202,202,12.7,14.73,13.6,45.2,verylow,21.16666667
203,203,19.33,26.97,8.6,88.3,verylow,32.21666667
204,204,12.93,18.77,8.9,99.9,verylow,21.55
205,205,15.5,17.1,10.8,99.9,verylow,25.83333333
206,206,4.9,5.3,9,99.9,verylow,8.166666667
207,207,6.73,8.7,12.7,66.5,verylow,11.21666667
208,208,5.37,8.13,17.5,58.3,verylow,8.95
209,209,6.07,7.3,16,85.4,verylow,10.11666667
210,210,5.93,7.2,9.4,99.9,verylow,9.883333333
211,211,3.43,4.77,18.5,47.7,verylow,5.716666667
212,212,6.17,8.07,10.8,52.6,verylow,10.28333333
213,213,4.53,6.3,9.2,82.2,verylow,7.55
214,214,4.57,8.73,6.9,46.2,verylow,7.616666667
215,215,7.77,8.57,9.6,60,verylow,12.95
216,216,7.7,9.1,10.3,56.6,low,12.83333333
217,217,6.22,8.42,17.8,57,verylow,10.36666667
218,218,5.32,6.43,8.9,48.8,verylow,8.866666667
219,219,27.2,28.8,7.9,99.9,verylow,45.33333333
220,220,6.7,12.2,9.4,63.6,verylow,11.16666667
221,221,4.6,5.1,15.1,65.3,verylow,7.666666667
222,222,4.9,6.6,8.8,97.4,verylow,8.166666667
223,223,4.12,4.53,8.8,50.9,verylow,6.866666667
224,224,5.4,6,18.7,42.5,verylow,9
225,225,5.7,8.93,7.1,94.1,verylow,9.5
226,226,5.03,7.32,7.2,76.1,verylow,8.383333333
227,227,6.63,9.1,7.9,99.9,verylow,11.05
228,228,6.6,7.4,13.6,38.8,verylow,11
229,229,5.9,8.03,9.2,83.5,verylow,9.833333333
230,230,4.1,6.2,9.6,60.2,verylow,6.833333333
231,231,8.53,9.83,10.4,56.9,verylow,14.21666667
232,232,4.03,7.33,17.7,57,verylow,6.716666667
233,233,7.53,9.57,8.9,49.1,low,12.55
234,234,13.35,17,9.2,65.6,verylow,22.25
235,235,6.68,8.13,7.9,99.9,verylow,11.13333333
236,236,28.57,30.37,16.4,65.6,verylow,47.61666667
237,237,4.5,6.03,8.8,97.3,verylow,7.5
238,238,4.73,6.9,8.8,50.9,verylow,7.883333333
239,239,4.6,6.03,19,41.8,verylow,7.666666667
240,240,4.8,8.8,7.2,75.9,veryhigh,8
241,241,3.78,5.65,7.9,99.9,verylow,6.3
242,242,2.4,2.6,7,94.5,verylow,4
243,243,88.03,108.3,12.3,39.2,verylow,146.7166667
244,244,10.185,16.02,9.3,86.2,verylow,16.975
245,245,4.47,7.17,5.5,84.8,verylow,7.45
246,246,30.23,32.4,5,99.9,verylow,50.38333333
247,247,5.17,7.77,4,99.9,verylow,8.616666667
248,248,5.6,7.1,6.5,99.9,verylow,9.333333333
249,249,3.73,5.8,4.7,99.9,verylow,6.216666667
250,250,5.33,5.83,6.4,87,verylow,8.883333333
251,251,4.8,12.13,6.2,99.9,verylow,8
252,252,7.07,8.57,18,55.2,verylow,11.78333333
253,253,4.6,8.27,7.3,86,verylow,7.666666667
254,254,6.4,9.53,6.2,73.6,verylow,10.66666667
255,255,5,9.03,5.1,99.9,verylow,8.333333333
256,256,2.5,5,4.5,99.9,verylow,4.166666667
257,257,4,7.57,5.3,99.9,verylow,6.666666667
258,258,4.37,8.38,5.5,99.9,verylow,7.283333333
259,259,2,2.33,4.5,70,verylow,3.333333333
260,260,14.57,17.93,4.2,99.9,verylow,24.28333333
261,261,5.65,7.22,5.4,86.3,verylow,9.416666667
262,262,4.77,8.17,4.9,99.9,verylow,7.95
263,263,30.27,32.47,4.2,99.9,verylow,50.45
264,264,4.73,6.43,6.5,99.9,verylow,7.883333333
265,265,6.3,9.65,4.6,99.9,verylow,10.5
266,266,4.03,4.43,6.3,99.9,verylow,6.716666667
267,267,5.97,7.27,6.3,85,verylow,9.95
268,268,4.37,8.27,17.8,55.5,verylow,7.283333333
269,269,6.9,8.53,7.2,86.8,verylow,11.5
270,270,5.5,8.6,6.1,74,verylow,9.166666667
271,271,4.47,9,4.9,99.9,verylow,7.45
272,272,4.17,7.5,4.4,99.9,low,6.95
273,273,5.17,7.97,5.2,99.9,verylow,8.616666667
274,274,4.7,5.7,5.9,63.4,verylow,7.833333333
275,275,2.57,2.9,6.2,79,verylow,4.283333333
276,276,1.7,1.9,5.1,99.9,verylow,2.833333333
277,277,28.13,29.83,3.8,99.4,verylow,46.88333333
278,278,3.7,4.93,4.1,99.9,verylow,6.166666667
279,279,2.2,3,4.3,88.5,verylow,3.666666667
280,280,1.97,2.17,4.1,99.9,verylow,3.283333333
281,281,2.13,2.7,4.5,99.9,verylow,3.55
282,282,10.385,16.1,17.6,55.1,verylow,17.30833333
283,283,1.83,1.93,3.7,96.8,verylow,3.05
284,284,1.4,1.65,4.6,77.9,verylow,2.333333333
285,285,1.37,1.87,3,99.9,verylow,2.283333333
286,286,1.8,2.77,5.8,63.7,verylow,3
287,287,2.17,2.67,6,79.5,verylow,3.616666667
288,288,1.47,1.73,4.8,99.9,low,2.45
289,289,1.7,2.6,3.7,99.9,verylow,2.833333333
290,290,2,2.6,3.9,99.9,verylow,3.333333333
291,291,3.1,5.9,5.1,99.9,verylow,5.166666667
292,292,2.22,2.65,4.4,99.9,verylow,3.7
293,293,27.2,28.9,17.5,55.2,verylow,45.33333333
294,294,3.23,3.53,3.6,96.8,verylow,5.383333333
295,295,2.9,3.27,4.4,88.8,verylow,4.833333333
296,296,2.1,3.17,4.6,78.9,verylow,3.5
297,297,2.37,2.97,5.8,64.2,verylow,3.95
298,298,1.83,2.2,3.8,60.4,verylow,3.05
299,299,7.87,3.035,6,79.5,verylow,13.11666667
300,300,1.47,1.57,4.1,99.9,verylow,2.45
301,301,1.6,1.83,17.6,55.1,verylow,2.666666667
302,302,1.33,2.03,5.7,91.7,verylow,2.216666667
303,303,1.87,3.3,5.1,99.9,verylow,3.116666667
304,304,1.77,2.47,6.9,99.9,medium,2.95
305,305,0.9,1,6.8,78.6,verylow,1.5
306,306,13.07,25.93,4.9,77.7,verylow,21.78333333
307,307,13.7,20.1,6.2,99.9,verylow,22.83333333
308,308,11.12,17.55,7.3,92.1,verylow,18.53333333
309,309,30.73,60.05,5.3,99.9,verylow,51.21666667
310,310,12.87,23,6.9,99.9,verylow,21.45
311,311,11.9,21.03,7,96.3,low,19.83333333
312,312,9.27,15.73,4.6,99.9,verylow,15.45
313,313,13.325,17.2,4.9,99.9,verylow,22.20833333
314,314,9.17,10.03,4.2,99.9,verylow,15.28333333
315,315,13.7,23.63,17.6,55.1,verylow,22.83333333
316,316,16.4,23.15,5.7,92.1,verylow,27.33333333
317,317,11.5,25.3,5,99.9,low,19.16666667
318,318,13.17,28.63,6.8,78.4,verylow,21.95
319,319,11.35,18.92,6.8,99.9,verylow,18.91666667
320,320,13.67,25,7.1,92.2,verylow,22.78333333
321,321,13.3,19.93,5.6,99.9,verylow,22.16666667
322,322,15.93,27.13,6,99.9,verylow,26.55
323,323,12.87,23.67,6.9,94.9,low,21.45
324,324,15.15,24.05,4.7,99.9,verylow,25.25
325,325,14.66,19.715,4.8,99.9,verylow,24.43333333
326,326,14.03,23.13,7,99.9,verylow,23.38333333
327,327,11.37,22.1,0.9,99.9,low,18.95
328,328,9.97,11.07,2.8,96.4,low,16.61666667
329,329,17.25,25.9,1.6,99.9,low,28.75
330,330,12.1,23.23,4.2,76.1,low,20.16666667
331,331,13.1,25.4,3.2,99.9,low,21.83333333
332,332,12.4,19.48,2.9,99.9,verylow,20.66666667
333,333,19.87,33.87,2.5,99.9,low,33.11666667
334,334,15.63,20.77,2.3,95.2,low,26.05
335,335,16.02,21.45,0.2,99.9,low,26.7
336,336,21.2,26.23,17.6,58.5,verylow,35.33333333
337,337,18.07,30.4,3,99.9,verylow,30.11666667
338,338,14.17,18.67,5.1,99.9,low,23.61666667
339,339,16.07,27.3,0.5,99.9,verylow,26.78333333
340,340,16.9,24.5,5.5,79.3,verylow,28.16666667
341,341,15.45,20.62,1.3,92.5,low,25.75
342,342,16.83,23.9,0.8,99.9,low,28.05
343,343,13.2,20.13,2.8,96.3,low,22
344,344,12.83,20.43,1.6,99.9,verylow,21.38333333
345,345,17.87,27.13,4.2,75.9,low,29.78333333
346,346,11.67,12.57,3.1,99.9,verylow,19.45
347,347,15.53,29.07,2.5,99.9,verylow,25.88333333
348,348,14.365,20.375,2.2,95.5,low,23.94166667
349,349,15.97,19.53,0.2,99.9,low,26.61666667
350,350,16.8,23.1,2.8,99.9,low,28
351,351,18.1,26.13,17.5,58,low,30.16666667
352,352,15.57,27.47,3,99.9,low,25.95
353,353,14.1,19.5,5.1,99.9,low,23.5
354,354,15.4,20.6,0.4,99.9,low,25.66666667
355,355,19.17,29.5,5.3,79.7,verylow,31.95
356,356,13.6,20.8,0.7,99.9,low,22.66666667
357,357,11.9,19.23,2.7,96.4,low,19.83333333
358,358,17.6,26.83,1.5,99.9,low,29.33333333
359,359,16.97,35.2,4.2,76.8,low,28.28333333
360,360,18.5,34.65,6.5,99.9,low,30.83333333
361,361,19.13,27.2,7,99.9,low,31.88333333
362,362,15.33,28.5,4.3,97.4,low,25.55
363,363,15.3,33.4,17.4,55.1,low,25.5
364,364,17.97,34.43,7.4,99.9,low,29.95
365,365,15.3,16.9,8.9,76.8,low,25.5
366,366,16.3,27.57,5.6,99.9,low,27.16666667
367,367,17.6,32.15,5,99.9,verylow,29.33333333
368,368,15.5,16.015,8.6,90.6,low,25.83333333
369,369,14.33,24.87,5.6,99.9,low,23.88333333
370,370,17.4,30.73,5,99.9,low,29
371,371,17,31.7,8.3,99.9,low,28.33333333
372,372,18.37,34.67,3.9,99.9,low,30.61666667
373,373,17.7,37.6,6.4,90.3,low,29.5
374,374,18.63,39.63,6.5,99.9,low,31.05
375,375,18.12,31.52,7.5,68.3,verylow,30.2
376,376,15.4,26.6,6.9,99.9,low,25.66666667
377,377,23.1,28.23,17.4,55.1,low,38.5
378,378,24,40.33,6.4,99.9,low,40
379,379,23.33,25.67,7.3,99.9,low,38.88333333
380,380,15.57,30.57,8.8,76.3,low,25.95
381,381,30.23,58.8,5.5,99.9,low,50.38333333
382,382,25.73,51.63,8.4,90.7,verylow,42.88333333
383,383,18.015,31.44,4.9,99.9,low,30.025
384,384,13.63,27.47,5.4,99.9,verylow,22.71666667
385,385,18.43,32.87,4.9,99.9,verylow,30.71666667
386,386,18.27,34.1,3.8,99.9,verylow,30.45
387,387,16.7,34.27,8.3,99.9,verylow,27.83333333
388,388,18.53,41.9,6.1,91.5,medium,30.88333333
389,389,17.12,28.92,6.4,99.9,verylow,28.53333333
390,390,16.43,26.4,6.9,99.9,medium,27.38333333
391,391,19.83,26,7.5,68.4,low,33.05
392,392,13.67,28.57,9.1,99.9,verylow,22.78333333
393,393,16.9,27.9,9.5,90.9,low,28.16666667
394,394,19.9,40.1,7.7,99.9,verylow,33.16666667
395,395,20.55,26.915,7.8,99.9,low,34.25
396,396,17.5,30.8,9.9,99.9,verylow,29.16666667
397,397,15.93,17.8,6.8,99.9,low,26.55
398,398,15.67,31.77,8.4,99.1,low,26.11666667
399,399,13.83,22.13,7.9,99.9,verylow,23.05
400,400,21.2,33.87,7.9,99.9,verylow,35.33333333
401,401,13.55,19.9,9,99.9,low,22.58333333
402,402,14.3,24.63,7.9,99.9,verylow,23.83333333
403,403,12.33,21.95,7.8,99.9,verylow,20.55
404,404,12.6,21.53,6.9,99.9,medium,21
405,405,30.87,58.97,17.2,56,low,51.45
406,406,14.53,26.33,7.9,99.9,low,24.21666667
407,407,40.23,44.27,9.1,99.9,verylow,67.05
408,408,15.83,21.33,7.3,99.9,verylow,26.38333333
409,409,14.1,22.93,9.6,90.9,verylow,23.5
410,410,21.05,27.765,7.9,99.9,verylow,35.08333333
411,411,14.1,29.2,7.8,99.9,low,23.5
412,412,17.53,31.4,6.8,99.9,verylow,29.21666667
413,413,15,16.53,9.8,99.9,verylow,25
414,414,15.2,28.57,8.6,98.7,verylow,25.33333333
415,415,15.47,25.97,8.1,99.9,verylow,25.78333333
416,416,20.9,29.43,7.9,99.9,verylow,34.83333333
417,417,24.47,39.6,9,99.9,verylow,40.78333333
418,418,14.5,26.3,7.8,99.9,verylow,24.16666667
419,419,14.95,27.9,7.8,99.9,verylow,24.91666667
420,420,24,42.33,6.9,99.9,low,40
421,421,11.43,25.4,17.2,56,verylow,19.05
422,422,13.97,26.3,8.1,99.9,verylow,23.28333333
423,423,39.87,43.93,9.3,99.9,verylow,66.45
424,424,17.52,27.13,7.8,99.9,verylow,29.2
425,425,16.03,23.77,7.5,99.9,verylow,26.71666667
426,426,1.5,1.93,7.3,99.9,verylow,2.5
427,427,8.83,9.43,9.2,99.9,low,14.71666667
428,428,1.7,3.67,8,96.6,verylow,2.833333333
429,429,1.67,1.77,8.2,99.9,verylow,2.783333333
430,430,29.33,31.27,7.2,99.9,verylow,48.88333333
431,431,1.4,1.4,6.3,99.9,verylow,2.333333333
432,432,2.03,2.5,6.9,99.9,verylow,3.383333333
433,433,1.3,1.8,17.4,52.9,verylow,2.166666667
434,434,2.3,2.67,8.7,91.9,verylow,3.833333333
435,435,1.17,1.27,8.5,99.9,verylow,1.95
436,436,3.4,5.67,6.9,99.9,verylow,5.666666667
437,437,2.6,3.27,8.5,99.9,verylow,4.333333333
438,438,2.7,3,7.1,99.9,verylow,4.5
439,439,22.68,22.55,7.4,99.9,verylow,37.8
440,440,2,2.2,7.9,99.9,medium,3.333333333
441,441,1.6,2.6,10.3,99.9,verylow,2.666666667
442,442,1.7,2.83,7.5,99.9,verylow,2.833333333
443,443,9.37,10.07,7.4,99.9,verylow,15.61666667
444,444,1.73,2.1,9.2,99.9,verylow,2.883333333
445,445,1.6,4.47,8.1,96.7,verylow,2.666666667
446,446,29.73,31.73,8.3,99.9,verylow,49.55
447,447,1.7,1.8,7.2,99.9,verylow,2.833333333
448,448,1.4,2.1,6.3,99.9,medium,2.333333333
449,449,1.37,1.63,17.4,52.8,verylow,2.283333333
450,450,2.07,2.97,8.7,91.9,verylow,3.45
451,451,1.02,1.6,8.4,99.9,verylow,1.7
452,452,3.4,4.63,7,99.9,verylow,5.666666667
453,453,1.7,1.83,6.9,99.9,verylow,2.833333333
454,454,3.7,4,8.5,99.9,verylow,6.166666667
455,455,8.7,9.615,7.1,99.9,verylow,14.5
456,456,1.93,3.2,7.9,99.9,verylow,3.216666667
457,457,1.37,1.53,8.7,90.6,medium,2.283333333
458,458,11.8,17.53,6.8,99.9,verylow,19.66666667
459,459,30.67,32.87,6,99.9,verylow,51.11666667
460,460,10.57,13.5,7,99.9,verylow,17.61666667
461,461,5.2,5.8,7.6,66.2,verylow,8.666666667
462,462,6.77,7.37,7.5,99.9,verylow,11.28333333
463,463,5.4,6,7.6,91.1,verylow,9
464,464,7,9.07,7.6,99.9,verylow,11.66666667
465,465,9.5,10.6,8.6,75.9,verylow,15.83333333
466,466,6.83,10.4,7.1,99.9,verylow,11.38333333
467,467,31.585,25.2,6.5,99.9,verylow,52.64166667
468,468,1.8,1.9,8.6,92.5,verylow,3
469,469,11,17.43,9.5,99.9,verylow,18.33333333
470,470,6.1,8.83,7.1,99.9,verylow,10.16666667
471,471,8.27,10.77,7,99.9,verylow,13.78333333
472,472,6.9,9.77,16.2,58.8,verylow,11.5
473,473,4.4,6.5,6.9,72.7,verylow,7.333333333
474,474,6.9,9.1,8.7,90.3,low,11.5
475,475,7.7,12.63,6.7,99.9,verylow,12.83333333
476,476,32.5,34.8,6,99.9,verylow,54.16666667
477,477,8.6,10.83,7,99.9,medium,14.33333333
478,478,4.5,5,7.6,66.7,verylow,7.5
479,479,6.57,7.1,7.4,99.9,verylow,10.95
480,480,5.77,6.87,7.6,91.1,verylow,9.616666667
481,481,5.87,8.3,7.5,99.9,verylow,9.783333333
482,482,8.8,10.47,8.6,75.7,verylow,14.66666667
483,483,7.915,9.985,7.1,99.9,verylow,13.19166667
484,484,1.5,1.6,6.6,99.9,verylow,2.5
485,485,5.4,8.93,8.6,92.5,verylow,9
486,486,6.27,7.37,7,99.9,verylow,10.45
487,487,6.6,10.73,9.5,99.9,verylow,11
488,488,7.23,9.57,7.1,99.9,verylow,12.05
489,489,14.32,22.5,16.2,58.8,verylow,23.86666667
490,490,4.47,5.43,17.4,56.1,verylow,7.45
491,491,8.27,10.03,4.8,99.9,verylow,13.78333333
492,492,11.23,17.17,6,99.9,verylow,18.71666667
493,493,16.33,27.9,5.4,99.9,verylow,27.21666667
494,494,8.23,10.9,7.6,99.9,medium,13.71666667
495,495,8.93,9.93,8.2,93.1,verylow,14.88333333
496,496,32,34.83,6.1,99.9,verylow,53.33333333
497,497,13.68,18.73,5.5,79.3,verylow,22.8
498,498,2.37,2.47,6.6,93.6,low,3.95
499,499,7.73,13.17,5.6,83.7,verylow,12.88333333
500,500,10.1,16.2,6.3,99.9,verylow,16.83333333
501,501,10.9,16.9,4.3,99.9,verylow,18.16666667
502,502,9.7,14.68,5,99.9,verylow,16.16666667
503,503,9.55,12.7,5.1,99.9,verylow,15.91666667
504,504,12.33,16.17,6.2,99.9,verylow,20.55
505,505,11.77,17.77,5.4,99.9,low,19.61666667
506,506,10.85,14.98,8.1,79.2,verylow,18.08333333
507,507,9.1,18.165,17.3,56.2,low,15.16666667
508,508,9.7,13.1,5.9,99.9,verylow,16.16666667
509,509,10.9,15.67,5.3,99.9,verylow,18.16666667
510,510,13.1,18,4.9,99.9,verylow,21.83333333
511,511,7.9,11.8,7.8,99.9,verylow,13.16666667
512,512,9.3,12.37,7.9,93.5,verylow,15.5
513,513,34.73,37.63,6,99.9,verylow,57.88333333
514,514,14.1,16.95,6.6,93.4,low,23.5
515,515,2.6,2.7,5.6,84,verylow,4.333333333
516,516,7.6,10.57,6.3,99.9,verylow,12.66666667
517,517,19.53,31.97,5,99.9,medium,32.55
518,518,12.67,17.83,4.3,99.9,verylow,21.11666667
519,519,9.13,14,5,99.9,verylow,15.21666667
520,520,9.88,12.6,5.8,99.9,low,16.46666667
521,521,11.63,17.47,5.4,99.9,verylow,19.38333333
522,522,11.38,15.5,7.9,79.6,verylow,18.96666667
523,523,9.1,7.9,17.4,56.3,verylow,15.16666667
524,524,24.265,20.325,5.9,99.9,low,40.44166667
525,525,12.3,28.43,5.4,99.9,verylow,20.5
526,526,15.77,28.33,5,99.9,verylow,26.28333333
527,527,4.43,4.73,5.4,99.9,low,7.383333333
528,528,13.43,24.17,5.2,99.9,verylow,22.38333333
529,529,13.38,19.75,6,99.9,verylow,22.3
530,530,13.8,24.1,5.8,99.9,low,23
531,531,13.6,23.83,5.2,99.9,verylow,22.66666667
532,532,15.37,20.9,6.2,99.9,medium,25.61666667
533,533,10.17,15.93,5.6,99.9,verylow,16.95
534,534,20.63,31.13,4.8,99.9,verylow,34.38333333
535,535,11.1,17.07,7.1,95,low,18.5
536,536,13.4,26.1,7.2,99.9,verylow,22.33333333
537,537,31.6,34.13,5.2,99.9,verylow,52.66666667
538,538,11.17,17.57,5.2,99.9,verylow,18.61666667
539,539,12.1,21.47,18.5,52,verylow,20.16666667
540,540,15.585,19.74,6.4,99.9,verylow,25.975
541,541,17.37,28.5,4.7,99.9,high,28.95
542,542,13,22.9,5,99.9,low,21.66666667
543,543,4.1,4.3,5.4,99.9,verylow,6.833333333
544,544,12.33,27.73,5.2,99.9,low,20.55
545,545,15.8,21.47,6.1,99.9,verylow,26.33333333
546,546,12.48,17.1,6.1,99.9,low,20.8
547,547,13.47,19.73,5.8,99.9,verylow,22.45
548,548,15.6,20.8,5.3,99.9,verylow,26
549,549,10.53,18.43,5.6,99.9,verylow,17.55
550,550,9.75,15.95,4.8,99.9,verylow,16.25
551,551,20.17,31.07,7.1,95.1,verylow,33.61666667
552,552,12.83,24.97,7.1,99.9,verylow,21.38333333
553,553,30.9,33.53,5.2,99.9,verylow,51.5
554,554,11.77,19.93,18.5,52,verylow,19.61666667
555,555,13.23,23.97,5.2,99.9,verylow,22.05
556,556,15.585,20.325,6.4,99.9,verylow,25.975
557,557,15.93,26.17,10.5,99.9,verylow,26.55
558,558,8.8,16.3,9,99.9,medium,14.66666667
559,559,6.1,11.87,8.5,99.9,low,10.16666667
560,560,4.53,5.83,9.2,99.9,low,7.55
561,561,3.15,3.92,9.1,99.9,verylow,5.25
562,562,5.12,7.37,10,82.3,verylow,8.533333333
563,563,46.97,51.87,9.9,96.8,verylow,78.28333333
564,564,15.63,31.5,9.4,94.7,verylow,26.05
565,565,5.1,8.1,8.9,99.9,verylow,8.5
566,566,17.43,46.23,7.4,99.9,verylow,29.05
567,567,5.9,9.27,8.4,99.9,verylow,9.833333333
568,568,15.67,17.53,7.9,99.9,verylow,26.11666667
569,569,8.03,15.53,9,99.9,verylow,13.38333333
570,570,7.07,7.87,9,99.9,verylow,11.78333333
571,571,6.685,10.07,17.1,58.5,verylow,11.14166667
572,572,1.73,1.83,8.6,86.9,verylow,2.883333333
573,573,3.83,5.5,10.6,99.9,verylow,6.383333333
574,574,11.53,22.17,8.4,89.2,verylow,19.21666667
575,575,10.87,35.17,9.1,99.9,verylow,18.11666667
576,576,4.5,6.73,8.5,99.9,verylow,7.5
577,577,3.33,3.87,9.3,99.9,medium,5.55
578,578,5,6.3,9.2,99.9,verylow,8.333333333
579,579,5.1,6.3,10,83.3,verylow,8.5
580,580,40.8,45,10.3,95.4,verylow,68
581,581,16.33,32.93,9.6,94.9,low,27.21666667
582,582,17.8,49.23,9,99.9,verylow,29.66666667
583,583,8.97,13.53,8.4,99.9,verylow,14.95
584,584,15,17.93,7.4,99.9,verylow,25
585,585,7.57,13.03,8,99.9,verylow,12.61666667
586,586,14.335,11.7,9.1,99.9,verylow,23.89166667
587,587,7.03,7.83,9.1,99.9,verylow,11.71666667
588,588,1.47,1.57,17.1,58.5,verylow,2.45
589,589,3.87,5.45,10.7,99.9,verylow,6.45
590,590,1.7,1.72,10.5,99.9,verylow,2.833333333
591,591,4.77,6.23,9.6,99.9,verylow,7.95
592,592,4.27,4.9,12.5,83.7,medium,7.116666667
593,593,7.8,12.87,11.2,96.6,verylow,13
594,594,5.53,7.8,11.4,99.9,verylow,9.216666667
595,595,6.37,7.07,13.1,99.9,verylow,10.61666667
596,596,6.2,9.4,10.7,99.9,verylow,10.33333333
597,597,6.23,8.27,10.7,99.9,low,10.38333333
598,598,6.6,13.83,17.3,57.1,verylow,11
599,599,32.9,35.57,11.9,99.9,verylow,54.83333333
600,600,9.27,10.17,10.3,92.2,verylow,15.45
601,601,7.4,9.23,10.6,99.9,verylow,12.33333333
602,602,5.23,5.87,10.8,99.9,verylow,8.716666667
603,603,20.35,11.92,12.3,96.8,low,33.91666667
604,604,6.5,13.3,9.8,99.9,verylow,10.83333333
605,605,10.6,11.8,11,99.9,verylow,17.66666667
606,606,1.7,1.8,10.5,99.9,verylow,2.833333333
607,607,4.67,6.33,9.5,99.9,verylow,7.783333333
608,608,4.4,5.07,11.2,96.9,verylow,7.333333333
609,609,7.3,9.3,12.5,84.1,verylow,12.16666667
610,610,6.33,9.07,11.2,99.9,verylow,10.55
611,611,5.43,6.37,10.8,99.9,verylow,9.05
612,612,5.97,7.53,13.1,99.9,verylow,9.95
613,613,6.77,10.37,17.3,57,verylow,11.28333333
614,614,35.8,38.7,10.7,99.9,verylow,59.66666667
615,615,6.7,10.97,11.9,99.9,verylow,11.16666667
616,616,8.03,8.83,10.9,87,verylow,13.38333333
617,617,6.85,9.15,10.2,92.4,verylow,11.41666667
618,618,5.37,6.6,10.6,99.9,low,8.95
619,619,20.615,7.915,10.8,99.9,medium,34.35833333
620,620,4.8,15.07,12.4,96.1,verylow,8
621,621,2.3,4.83,9.7,99.9,veryhigh,3.833333333
622,622,2.93,11.8,10.5,99.9,verylow,4.883333333
623,623,2.33,9.23,11,99.9,verylow,3.883333333
624,624,3.08,9.3,8.5,99.9,verylow,5.133333333
625,625,30.4,32.7,9.1,99.9,verylow,50.66666667
626,626,16.215,12.88,7,99.9,verylow,27.025
627,627,4.2,10.07,12,99.9,verylow,7
628,628,3.33,9.03,8.8,99.9,verylow,5.55
629,629,2.85,10.15,9,99.9,verylow,4.75
630,630,2.1,5.23,8.3,99.9,verylow,3.5
631,631,2.35,9.73,8.8,99.3,medium,3.916666667
632,632,1.37,2.92,8.9,99.9,verylow,2.283333333
633,633,2,6.17,8.4,90.8,verylow,3.333333333
634,634,4.07,9.1,11.3,93.3,verylow,6.783333333
635,635,3.83,12.4,8.8,99.9,verylow,6.383333333
636,636,2.2,6.2,18.9,54.8,verylow,3.666666667
637,637,2.4,11.47,9.9,87.2,verylow,4
638,638,1.9,7.5,8.3,99.9,verylow,3.166666667
639,639,2.8,9.6,8.5,99.9,verylow,4.666666667
640,640,4.6,7.83,8,99.9,verylow,7.666666667
641,641,16.215,12.88,7.1,99.9,verylow,27.025
642,642,30.87,33.43,9.1,99.9,verylow,51.45
643,643,3.33,6.43,8.9,99.9,verylow,5.55
644,644,999.9,1999.9,11.8,99.9,verylow,1666.5
645,645,3,5.7,8.7,89.1,verylow,5
646,646,2.6,10.8,9,99.9,verylow,4.333333333
647,647,1.87,5.6,8.4,99.9,verylow,3.116666667
648,648,2,6.32,8.9,99,verylow,3.333333333
649,649,1.05,1.52,8.9,99.9,verylow,1.75
650,650,2.57,9.3,8.4,90.7,verylow,4.283333333
651,651,3.47,11.57,11.3,93.4,verylow,5.783333333
652,652,2.77,9,8.9,99.9,verylow,4.616666667
653,653,2.53,7.87,18.8,54.3,verylow,4.216666667
654,654,32.7,35.57,9.8,87.2,verylow,54.5
655,655,4.77,10.73,8.5,99.9,verylow,7.95
656,656,2.9,7.43,8.5,99.9,verylow,4.833333333
657,657,2.63,5.43,7.1,99.9,verylow,4.383333333
658,658,2.5,6.03,12.7,99.9,verylow,4.166666667
659,659,2.57,8,18.5,57.5,verylow,4.283333333
660,660,1.87,3.1,13.1,99.9,verylow,3.116666667
661,661,3.63,7.77,12.4,99.9,verylow,6.05
662,662,5.93,9.02,14.7,95.2,verylow,9.883333333
663,663,2.17,9.87,14.2,99.9,verylow,3.616666667
664,664,1.32,1.95,13.2,99.9,verylow,2.2
665,665,2.55,5.235,13.1,99.9,verylow,4.25
666,666,2.13,5.5,13.2,99.9,verylow,3.55
667,667,3,10.57,12.7,99.9,verylow,5
668,668,2.8,6.6,13.1,99.9,verylow,4.666666667
669,669,2.33,6.1,13.3,96.8,verylow,3.883333333
670,670,4.2,5.6,13.5,99.9,verylow,7
671,671,2.4,5.1,13.4,99.9,medium,4
672,672,2.1,3.9,12.8,99.9,verylow,3.5
673,673,2.3,7.03,13.1,99.9,verylow,3.833333333
674,674,2.63,7.17,12.4,99.9,verylow,4.383333333
675,675,1.7,2.07,15.1,99.9,verylow,2.833333333
676,676,3.2,6.17,12.7,99.9,verylow,5.333333333
677,677,5.93,8.43,18.5,57.5,verylow,9.883333333
678,678,2.3,4.97,13,99.9,verylow,3.833333333
679,679,1.1,1.87,12.4,99.9,verylow,1.833333333
680,680,3.83,2.6,14.7,95.3,verylow,6.383333333
681,681,2.07,6.9,14.2,99.9,verylow,3.45
682,682,4.9,9.4,13.2,99.9,verylow,8.166666667
683,683,3.83,16.47,13.2,99.9,verylow,6.383333333
684,684,3.9,7.6,12.7,99.9,verylow,6.5
685,685,2.47,3.83,13.2,99.9,verylow,4.116666667
686,686,0.3,0.3,13.3,96.8,verylow,0.5
687,687,4.015,4.465,13.5,99.9,verylow,6.691666667
688,688,2.25,2.45,13.4,99.9,verylow,3.75
689,689,2.7,3,12.8,99.9,verylow,4.5
690,690,0.63,0.63,13.1,99.9,verylow,1.05
691,691,0.6,1.62,15.1,99.9,verylow,1
692,692,1.1,1.2,12.4,99.9,verylow,1.833333333
693,693,2.5,4.8,12.7,99.9,verylow,4.166666667
694,694,30.97,33.07,12.6,95,verylow,51.61666667
695,695,2.2,3.7,13.5,99.9,verylow,3.666666667
696,696,1.35,1.83,13.1,99.9,verylow,2.25
697,697,1.63,2.13,12.4,99.9,verylow,2.716666667
698,698,0.6,0.87,12.3,99.9,verylow,1
699,699,1.2,1.3,13.9,93.9,verylow,2
700,700,0.93,1.67,17.3,61.7,low,1.55
701,701,1.7,2.83,12,99.9,verylow,2.833333333
702,702,2,4.5,11.6,99.9,verylow,3.333333333
703,703,0.53,0.53,12.4,99.9,verylow,0.883333333
704,704,2.185,3.165,11.8,99.9,verylow,3.641666667
705,705,2.25,4.53,12.2,99.9,verylow,3.75
706,706,2.9,3.1,12.6,99.9,verylow,4.833333333
707,707,0.6,2.07,11.5,99.9,verylow,1
708,708,0.4,2.12,12.2,99.9,verylow,0.666666667
709,709,1,1.13,12.6,95.2,verylow,1.666666667
710,710,1.8,2.87,13.2,99.9,verylow,3
711,711,2.5,4.17,13.4,99.9,verylow,4.166666667
712,712,30.37,32.27,12.4,99.9,verylow,50.61666667
713,713,1.43,2.9,12.2,99.9,verylow,2.383333333
714,714,0.7,1.43,12.3,99.9,verylow,1.166666667
715,715,1.73,1.83,14.1,94.1,verylow,2.883333333
716,716,1.03,1.13,17.2,61.6,verylow,1.716666667
717,717,1.63,2.6,12,99.9,verylow,2.716666667
718,718,2,2.1,11.6,99.9,verylow,3.333333333
719,719,1.57,3.67,12.4,99.9,verylow,2.616666667
720,720,2.37,3.5,11.9,99.9,verylow,3.95
721,721,1.05,1.95,12.3,99.9,verylow,1.75
722,722,1.45,4.37,12.5,99.9,verylow,2.416666667
723,723,1.07,1.73,11.5,99.9,verylow,1.783333333
724,724,15.9,2.51,12.2,99.9,verylow,26.5
725,725,0.3,0.55,12.6,95.5,verylow,0.5
726,726,1.75,5.1,10.2,99.9,verylow,2.916666667
727,727,1.9,3.45,9.2,70.1,verylow,3.166666667
728,728,2,4.57,16.8,99.9,verylow,3.333333333
729,729,1.8,2.7,10.4,72.8,verylow,3
730,730,1.42,3.9,9.8,99.9,verylow,2.366666667
731,731,1.2,1.73,7.9,99.9,verylow,2
732,732,1.7,2.77,8.8,99.9,low,2.833333333
733,733,2,2.47,8.9,78,verylow,3.333333333
734,734,1.33,2.92,17.1,59.9,verylow,2.216666667
735,735,1.9,5.5,14.3,90.2,verylow,3.166666667
736,736,1.8,4.22,11.2,92.2,verylow,3
737,737,1.2,3.87,8.9,99.9,verylow,2
738,738,10.35,3.97,15.9,98.7,verylow,17.25
739,739,0.1,0.3,12,99.9,verylow,0.166666667
740,740,1.83,4.15,8.4,77.1,verylow,3.05
741,741,0.13,0.13,11.9,74.3,verylow,0.216666667
742,742,1.4,3,10.9,99.9,verylow,2.333333333
743,743,1.83,4.03,10.7,99.9,verylow,3.05
744,744,1.3,2.97,9.3,71.4,verylow,2.166666667
745,745,1.2,2.8,18,99.9,verylow,2
746,746,1.6,3.93,10.4,72.8,verylow,2.666666667
747,747,1.92,4.2,10.2,99.9,verylow,3.2
748,748,2.8,3.47,9,99.9,verylow,4.666666667
749,749,4,4.4,9,75.4,verylow,6.666666667
750,750,1.6,5.55,17.1,59.7,verylow,2.666666667
751,751,1.3,3.37,14.9,95.1,verylow,2.166666667
752,752,1.5,2.63,7.7,99.9,verylow,2.5
753,753,3.53,6.77,11.3,91.7,verylow,5.883333333
754,754,1.33,3.97,9.1,99.9,verylow,2.216666667
755,755,2.03,5.5,16.4,97.9,verylow,3.383333333
756,756,22.15,26.135,12.1,99.9,verylow,36.91666667
757,757,1.57,4.57,11.9,77.1,verylow,2.616666667
758,758,2.4,3.3,10.9,99.9,verylow,4
759,759,2.07,5.77,11.3,99.9,verylow,3.45
760,760,9.2,55.93,8.4,99.9,verylow,15.33333333
761,761,0.72,0.82,7.7,99.9,verylow,1.2
762,762,2.1,3.6,7,99.9,verylow,3.5
763,763,2,4.4,7.5,99.9,low,3.333333333
764,764,2.2,5.7,7.5,99.9,low,3.666666667
765,765,3.03,4.63,8.2,99.9,verylow,5.05
766,766,4.4,5.7,7.2,99.9,low,7.333333333
767,767,1.25,2.5,9.1,93.3,low,2.083333333
768,768,1.23,2.37,7.1,99.9,verylow,2.05
769,769,1.13,3.53,7.5,95.9,low,1.883333333
770,770,1.55,3.4,7.4,99.9,verylow,2.583333333
771,771,2.2,5.35,7,99.9,low,3.666666667
772,772,4.75,9.1,17.9,54.9,verylow,7.916666667
773,773,1.3,2.5,6.4,99.9,low,2.166666667
774,774,3.87,6.87,7.3,99.9,verylow,6.45
775,775,1.2,1.95,8.8,99.9,low,2
776,776,1.87,3.27,8.5,99.9,verylow,3.116666667
777,777,3,12.2,7.7,99.9,low,5
778,778,0.7,1.2,7,99.9,verylow,1.166666667
779,779,1.5,2.23,6.4,99.9,low,2.5
780,780,1.7,3.17,7.5,99.9,verylow,2.833333333
781,781,2.2,2.47,7.6,99.9,low,3.666666667
782,782,14.63,27.52,8.2,99.9,verylow,24.38333333
783,783,10.33,19.73,9.1,93.2,low,17.21666667
784,784,14.4,24.67,7.2,99.9,low,24
785,785,13.7,20.4,7.5,95.8,verylow,22.83333333
786,786,13.7,27.2,7.3,99.9,verylow,22.83333333
787,787,25.8,48.1,7.1,99.9,low,43
788,788,15.23,34.37,17.9,54.9,verylow,25.38333333
789,789,15.6,26.87,7.3,99.9,verylow,26
790,790,6.57,7.1,9,99.9,verylow,10.95
791,791,16.3,32.7,6.4,99.9,verylow,27.16666667
792,792,17.53,34.57,8.5,99.9,verylow,29.21666667
793,793,13.23,21.87,12.3,99.9,verylow,22.05
794,794,20.4,21.05,11.9,99.9,low,34
795,795,12.3,24.27,11.8,99.9,verylow,20.5
796,796,18.1,35.1,13.7,90.8,verylow,30.16666667
797,797,14.13,16.8,11.7,99.9,verylow,23.55
798,798,17.08,28.6,10.8,99.9,verylow,28.46666667
799,799,11,18.2,16.4,64.4,verylow,18.33333333
800,800,15.53,28,12.3,99.9,verylow,25.88333333
801,801,29.8,91.1,12.9,99.9,verylow,49.66666667
802,802,13.2,17.57,11.8,99.9,verylow,22
803,803,18.77,34.7,13.5,99.9,verylow,31.28333333
804,804,14.5,30.37,12.1,99.9,verylow,24.16666667
805,805,16.9,33.3,12.1,93.1,verylow,28.16666667
806,806,5.85,6.25,12,99.9,verylow,9.75
807,807,15.53,30.6,11.1,99.9,verylow,25.88333333
808,808,18.67,35.47,14.9,99.9,verylow,31.11666667
809,809,13.97,23.37,12.6,99.9,verylow,23.28333333
810,810,28.05,29.185,12.2,99.9,verylow,46.75
811,811,26.3,46.05,11.8,99.9,verylow,43.83333333
812,812,13.97,17.83,11.8,99.9,verylow,23.28333333
813,813,12.27,27.27,13.7,90.7,verylow,20.45
814,814,22.5,38.9,11.7,99.9,verylow,37.5
815,815,4.7,6.7,10.9,99.9,verylow,7.833333333
816,816,5.25,7.57,16.4,64.4,verylow,8.75
817,817,7.97,9.87,12.9,99.9,verylow,13.28333333
818,818,5.43,8.23,11.8,99.9,verylow,9.05
819,819,6.1,8.57,13.5,99.9,verylow,10.16666667
820,820,10.23,13.13,12,99.9,verylow,17.05
821,821,17.5,20.2,12.1,92.8,verylow,29.16666667
822,822,1.75,2.5,12,99.9,verylow,2.916666667
823,823,6.2,10.6,15,99.9,verylow,10.33333333
824,824,5.93,7.67,11.1,99.9,verylow,9.883333333
825,825,3.6,5.62,12.6,99.9,verylow,6
826,826,4,6.2,12.2,99.9,verylow,6.666666667
827,827,5.5,9.03,8.3,99.9,verylow,9.166666667
828,828,7.2,10.88,6.8,99.9,verylow,12
829,829,6.1,12.37,7,99.9,verylow,10.16666667
830,830,5,8.97,7.7,99.9,verylow,8.333333333
831,831,4.4,9.77,17.5,58.8,verylow,7.333333333
832,832,4.63,6.67,8.3,99.9,verylow,7.716666667
833,833,5.3,8.1,7,99.9,verylow,8.833333333
834,834,7,9.83,7,99.9,verylow,11.66666667
835,835,5.1,7.4,7.7,92.2,verylow,8.5
836,836,5.5,6.87,8.4,99.9,verylow,9.166666667
837,837,9.67,10.7,7.7,99.9,verylow,16.11666667
838,838,2.895,8.485,8.9,91.1,verylow,4.825
839,839,1.27,2.55,7.4,99.9,verylow,2.116666667
840,840,6.47,9.43,6.8,99.9,verylow,10.78333333
841,841,4.85,7.62,7.2,99.9,verylow,8.083333333
842,842,3.8,8.37,6.8,99.9,verylow,6.333333333
843,843,5.8,13.23,5.8,99.9,verylow,9.666666667
844,844,5.8,8.07,8.4,99.9,verylow,9.666666667
845,845,5.17,7.53,7,99.9,verylow,8.616666667
846,846,4.17,6.5,7.6,99.9,verylow,6.95
847,847,5.1,11.07,17.5,58.9,verylow,8.5
848,848,5,6.27,8.4,99.9,verylow,8.333333333
849,849,2.3,10.93,7,99.9,verylow,3.833333333
850,850,1.2,5.47,7,99.9,verylow,2
851,851,1.9,9.6,7.7,92.5,verylow,3.166666667
852,852,2.8,7.35,8.3,99.9,verylow,4.666666667
853,853,3.735,6.4,7,99.9,verylow,6.225
854,854,1.42,4.57,7.6,99.9,verylow,2.366666667
855,855,1.47,7.8,8.9,91.1,verylow,2.45
856,856,1.13,6.63,7.5,99.9,verylow,1.883333333
857,857,1.37,4.67,6.8,99.9,verylow,2.283333333
858,858,1.2,7.33,7.1,99.9,verylow,2
859,859,1.27,6.8,8.5,99.9,verylow,2.116666667
860,860,1.77,7.67,5.5,99.9,verylow,2.95
861,861,2.2,6.53,7.4,99.9,verylow,3.666666667
862,862,0.6,0.67,7.2,99.9,verylow,1
863,863,1.1,3.63,7.6,99.9,verylow,1.833333333
864,864,1.67,5.3,7.3,99.9,verylow,2.783333333
865,865,1.1,5.4,7,99.9,verylow,1.833333333
866,866,2.27,9.17,8.9,93.5,verylow,3.783333333
867,867,2.13,8.93,6.8,99.9,verylow,3.55
868,868,2.8,7.12,8.1,99.9,verylow,4.666666667
869,869,2.615,9.23,7,99.9,verylow,4.358333333
870,870,0.95,3.4,8.2,99.9,verylow,1.583333333
871,871,1.4,5.47,9.7,99.9,verylow,2.333333333
872,872,1.17,3.73,7.5,99.9,verylow,1.95
873,873,2.27,8,7.6,95.2,verylow,3.783333333
874,874,2.7,13.2,7.2,99.9,verylow,4.5
875,875,1.53,5.33,7.3,99.9,verylow,2.55
876,876,1.4,8.5,17.2,59.9,verylow,2.333333333
877,877,0.97,2.53,7.4,99.9,verylow,1.616666667
878,878,1.8,3.8,7.3,99.9,verylow,3
879,879,0.4,0.6,7.6,99.9,verylow,0.666666667
880,880,1.97,6.57,8.9,93.5,verylow,3.283333333
881,881,2.53,9.53,7,99.9,verylow,4.216666667
882,882,3.07,14.53,6.8,99.9,verylow,5.116666667
883,883,4.97,12.8,8.1,99.9,verylow,8.283333333
884,884,2.7,9.57,7,99.9,verylow,4.5
885,885,3.4,19.7,8.2,99.9,verylow,5.666666667
886,886,3.07,11.43,9.7,99.9,verylow,5.116666667
887,887,2.33,10.47,7.5,99.9,verylow,3.883333333
888,888,3.13,14.53,7.7,95.1,verylow,5.216666667
889,889,1.3,2.83,7.2,99.9,verylow,2.166666667
890,890,2.35,8.15,7.4,99.9,verylow,3.916666667
891,891,2.2,7.03,17.2,59.3,verylow,3.666666667
892,892,3.17,11.63,7.5,99.9,verylow,5.283333333
893,893,3.17,10.79,7.2,99.9,verylow,5.283333333
894,894,2.42,9.57,8.8,92,verylow,4.033333333
895,895,2.6,7.7,7.4,99.9,verylow,4.333333333
896,896,3.1,15.03,8.1,99.9,verylow,5.166666667
897,897,2.37,13.43,7.2,99.9,verylow,3.95
898,898,3.22,10.315,7.7,99.9,verylow,5.366666667
899,899,2.67,13.93,7.5,99.9,verylow,4.45
900,900,8.43,16.93,6.3,99.9,verylow,14.05
901,901,2.33,6.53,7.8,99.9,verylow,3.883333333
902,902,2.37,15.03,7.1,99.9,verylow,3.95
903,903,3.97,24.13,7.1,99.9,verylow,6.616666667
904,904,4.8,16.17,7.4,95,verylow,8
905,905,1.53,2.93,17.3,58.9,verylow,2.55
906,906,2.53,16.65,11.4,99.9,verylow,4.216666667
907,907,2.33,5.63,6.8,99.9,verylow,3.883333333
908,908,3.1,11.17,6.7,99.9,verylow,5.166666667
909,909,2.43,11.03,7.3,99.9,verylow,4.05
910,910,5.77,21.73,6.4,99.9,verylow,9.616666667
911,911,3.37,15.1,8.8,92,verylow,5.616666667
912,912,2.33,11.37,7.4,99.9,verylow,3.883333333
913,913,4.185,12.785,8.2,99.9,verylow,6.975
914,914,2.53,12.5,7.2,99.9,verylow,4.216666667
915,915,3.235,11.2,7.7,99.9,verylow,5.391666667
916,916,3.2,9,7.6,99.9,verylow,5.333333333
917,917,3.27,12.77,7.7,99.9,verylow,5.45
918,918,0.5,2.67,7.1,99.9,verylow,0.833333333
919,919,0.4,0.87,7.3,95.1,verylow,0.666666667
920,920,1,2.53,17.4,58.7,verylow,1.666666667
921,921,0.8,2.97,11.4,99.9,verylow,1.333333333
922,922,0.97,1.93,6.8,99.9,verylow,1.616666667
923,923,1.2,2.47,6.8,99.9,verylow,2
924,924,0.43,2.15,7.3,99.9,verylow,0.716666667
925,925,0.97,4.73,6.4,99.9,verylow,1.616666667
926,926,1.2,3.4,8.7,92,verylow,2
927,927,1.57,3.67,3,93.6,verylow,2.616666667
928,928,3.3,1.57,1,99.9,verylow,5.5
929,929,0.93,0.97,4,99.9,verylow,1.55
930,930,1.22,3.08,2.7,99.9,verylow,2.033333333
931,931,1.43,1.47,0.3,99.9,verylow,2.383333333
932,932,0.83,2.07,1.7,99.9,verylow,1.383333333
933,933,1.2,3.63,3.1,91.3,verylow,2
934,934,2.83,3.13,2.4,99.9,verylow,4.716666667
935,935,0.5,3.03,4.9,99.9,verylow,0.833333333
936,936,0.7,1.6,3.2,99.9,verylow,1.166666667
937,937,0.7,1.67,1.4,99.9,verylow,1.166666667
938,938,1.47,4.6,-1.3,99.9,verylow,2.45
939,939,1.43,1.83,3.9,99.9,verylow,2.383333333
940,940,0.47,3,2.9,99.9,verylow,0.783333333
941,941,1.33,3.47,16.9,58.9,verylow,2.216666667
942,942,1.2,4.27,4.6,86.6,verylow,2
943,943,2.425,6.275,3,93.8,verylow,4.041666667
944,944,0.7,0.7,1,99.9,verylow,1.166666667
945,945,0.88,1.87,4,99.9,verylow,1.466666667
946,946,8.69,5.075,2.7,99.9,verylow,14.48333333
947,947,0.7,1.77,0.3,99.9,verylow,1.166666667
948,948,0.5,1.33,1.6,99.9,verylow,0.833333333
949,949,1.23,9,3,91.5,verylow,2.05
950,950,0.5,2.43,2.5,99.9,verylow,0.833333333
951,951,2.27,3.93,2.1,99.9,verylow,3.783333333
952,952,3.6,5.07,4.9,99.9,high,6
953,953,2.42,7.07,3,99.9,verylow,4.033333333
954,954,2.3,4.87,-1.3,99.9,verylow,3.833333333
955,955,11.15,18.17,2.9,99.9,verylow,18.58333333
956,956,7.4,9.37,3.8,99.9,verylow,12.33333333
957,957,6.13,10.67,16.9,58.8,verylow,10.21666667
958,958,2.97,4.73,4.6,86.7,verylow,4.95
959,959,3.28,5.93,3,95.1,verylow,5.466666667
960,960,5.17,7.57,0.9,99.9,verylow,8.616666667
961,961,3,6.1,3.2,99.9,verylow,5
962,962,6.23,11.7,2.7,99.9,verylow,10.38333333
963,963,1.62,5.2,0.4,99.9,verylow,2.7
964,964,2.07,6,5.5,99.9,verylow,3.45
965,965,2.97,7.185,9.3,85.5,verylow,4.95
966,966,2.1,4.47,3.4,99.9,verylow,3.5
967,967,2.93,4.83,5.7,99.9,verylow,4.883333333
968,968,3.9,8.3,5.5,99.9,verylow,6.5
969,969,2.2,3.5,4.6,72.5,verylow,3.666666667
970,970,3.03,8.73,5.5,99.9,verylow,5.05
971,971,15.43,27.65,7.1,78.2,verylow,25.71666667
972,972,11.53,19.67,5.8,99.9,verylow,19.21666667
973,973,7.67,9.4,9.4,99.4,verylow,12.78333333
974,974,2.8,4.3,8.9,99.9,verylow,4.666666667
975,975,1.93,2.4,3.2,99.9,verylow,3.216666667
976,976,6.2,9.97,16.9,56.8,verylow,10.33333333
977,977,6.3,16.27,16.2,94.8,verylow,10.5
978,978,2.27,6.47,5.6,75.8,verylow,3.783333333
979,979,6.82,13.55,7.6,99.9,verylow,11.36666667
980,980,51.185,7.665,5.5,99.9,verylow,85.30833333
981,981,2.17,5,3.5,99.9,verylow,3.616666667
982,982,2.57,5.13,9.5,83.4,verylow,4.283333333
983,983,3.37,6.87,5.6,99.9,verylow,5.616666667
984,984,2.92,7.03,5.5,99.9,verylow,4.866666667
985,985,2.5,4.83,5.4,99.9,verylow,4.166666667
986,986,14.47,22.87,7.1,77.9,verylow,24.11666667
987,987,2.5,6.03,5.9,99.9,verylow,4.166666667
988,988,2.97,15.63,9.5,97.6,verylow,4.95
989,989,14.1,25.5,8.9,99.9,veryhigh,23.5
990,990,2.8,6.67,16.8,56.9,low,4.666666667
991,991,4.43,8.2,4.5,90.3,verylow,7.383333333
992,992,3.03,6.07,3.1,99.9,verylow,5.05
993,993,2.57,6.17,15.9,97.5,verylow,4.283333333
994,994,2.1,7.33,5.7,75.5,verylow,3.5
995,995,4.67,10.27,7.6,99.9,low,7.783333333
996,996,3.33,6.1,6,99.9,verylow,5.55
997,997,14.445,5.985,2.6,99.9,verylow,24.075
998,998,2.45,9,2.2,93.9,high,4.083333333
999,999,2.72,6.78,1.7,99.9,verylow,4.533333333
1000,1000,4.83,5.47,3.5,91,verylow,8.05
1001,1001,2.5,5.63,2.3,99.9,low,4.166666667
1002,1002,2.3,6.03,4.2,99.9,verylow,3.833333333
1003,1003,14.9,27.23,4.8,99.9,verylow,24.83333333
1004,1004,1.62,11.52,1.8,99.9,low,2.7
1005,1005,2.47,9.83,4.6,99.9,verylow,4.116666667
1006,1006,5.83,8.93,14.7,46.6,low,9.716666667
1007,1007,2.37,5.5,2.2,99.9,verylow,3.95
1008,1008,2,6.3,17,55.3,verylow,3.333333333
1009,1009,4.17,5.9,2.5,99.9,verylow,6.95
1010,1010,15.02,11.425,2.6,99.9,verylow,25.03333333
1011,1011,2.4,4.7,8,99.9,verylow,4
1012,1012,3.73,6.77,6.4,99.9,verylow,6.216666667
1013,1013,2.5,6.62,2.1,93.6,verylow,4.166666667
1014,1014,2.5,6.1,1.7,99.9,low,4.166666667
1015,1015,2.97,5.5,2.1,99.9,verylow,4.95
1016,1016,2.53,3.53,3.4,91.1,verylow,4.216666667
1017,1017,13.47,20.07,4.2,99.9,verylow,22.45
1018,1018,99,106.1,4.8,99.9,verylow,165
1019,1019,18.77,34.43,4.7,99.9,verylow,31.28333333
1020,1020,14.48,26.5,13.3,49.6,verylow,24.13333333
1021,1021,11.97,27.77,2.2,99.9,verylow,19.95
1022,1022,15.37,27.3,17,55.3,verylow,25.61666667
1023,1023,10.82,16.95,2.6,99.9,verylow,18.03333333
1024,1024,13.37,23.67,8,99.9,verylow,22.28333333
1025,1025,18.07,27.37,2.6,99.9,verylow,30.11666667
1026,1026,12.5,21.7,6.7,99.9,verylow,20.83333333
1027,1027,14.8,31.87,0.8,99.9,verylow,24.66666667
1028,1028,56.35,24.335,4.2,99.9,verylow,93.91666667
1029,1029,12.23,20.75,8.3,99.9,verylow,20.38333333
1030,1030,9.7,24.4,3.9,99.9,verylow,16.16666667
1031,1031,19.13,23,4.9,82.5,verylow,31.88333333
1032,1032,12.07,14.2,12.9,62.3,verylow,20.11666667
1033,1033,13.2,20.57,1.9,56.1,verylow,22
1034,1034,19.87,33.23,2.9,69.7,verylow,33.11666667
1035,1035,10.17,19,4.4,94.5,verylow,16.95
1036,1036,17.97,38.67,3.2,68,verylow,29.95
1037,1037,13.37,31.13,1.9,99.9,verylow,22.28333333
1038,1038,11,22.37,1.5,74.4,verylow,18.33333333
1039,1039,13.7,24.27,4.2,99.9,verylow,22.83333333
1040,1040,12.73,23.8,1.8,99.9,verylow,21.21666667
1041,1041,14.07,28.33,0.8,66.6,verylow,23.45
1042,1042,10.6,11.25,0.8,99.9,verylow,17.66666667
1043,1043,11.28,22,3.6,99.9,verylow,18.8
1044,1044,17,20.87,1.6,99.9,verylow,28.33333333
1045,1045,12.47,15.67,8.1,99.9,verylow,20.78333333
1046,1046,9.2,19.53,3.2,99.9,verylow,15.33333333
1047,1047,13.53,19.2,4.8,81.5,verylow,22.55
1048,1048,5.83,14.73,12.9,62.4,verylow,9.716666667
1049,1049,6.5,10.37,1.9,55.8,verylow,10.83333333
1050,1050,6.37,8.6,2.9,69.7,verylow,10.61666667
1051,1051,5.47,6.03,4.5,94.4,verylow,9.116666667
1052,1052,5.23,11.5,3.3,68.2,verylow,8.716666667
1053,1053,6.53,10.98,1.4,75.7,verylow,10.88333333
1054,1054,10.49,20.765,3.5,99.9,verylow,17.48333333
1055,1055,6.93,10.4,1.6,99.9,verylow,11.55
1056,1056,5.5,12.83,2.2,99.9,verylow,9.166666667
1057,1057,10.73,14.67,1.8,99.9,verylow,17.88333333
1058,1058,4,5.53,0.7,99.9,verylow,6.666666667
1059,1059,6.8,10.53,3.2,99.9,verylow,11.33333333
1060,1060,7.1,12.13,0.2,99.9,verylow,11.83333333
1061,1061,6.4,10.17,16.1,52.8,verylow,10.66666667
1062,1062,7.6,13.6,0.4,99.9,verylow,12.66666667
1063,1063,6.07,12.4,2.7,99.1,verylow,10.11666667
1064,1064,7.03,9.13,0.4,63,verylow,11.71666667
1065,1065,4.77,10,0.9,99.9,verylow,7.95
1066,1066,6.47,8.37,0.4,99.9,low,10.78333333
1067,1067,6.23,8,0.6,99.9,verylow,10.38333333
1068,1068,5.9,11.3,0.3,99.9,verylow,9.833333333
1069,1069,5.93,9.43,2.4,87.1,verylow,9.883333333
1070,1070,12.235,16.185,2,99.9,verylow,20.39166667
1071,1071,6.5,11.77,0.5,74.1,verylow,10.83333333
1072,1072,6.4,12.5,0.7,99.9,verylow,10.66666667
1073,1073,11,18.27,2.3,67.6,verylow,18.33333333
1074,1074,8.63,12.63,0.9,99.9,verylow,14.38333333
1075,1075,6.9,11.27,2.2,67.3,verylow,11.5
1076,1076,7.1,12.67,0.2,99.9,verylow,11.83333333
1077,1077,7.68,11.3,16.1,52.8,verylow,12.8
1078,1078,6.77,13.27,0.4,99.9,verylow,11.28333333
1079,1079,5.97,8.58,2.7,99.1,verylow,9.95
1080,1080,7.33,11.63,0.9,99.9,low,12.21666667
1081,1081,7.71,12.565,0.6,99.9,verylow,12.85
1082,1082,8.3,13.7,2.3,87.5,verylow,13.83333333
1083,1083,11.1,17.7,2,99.9,verylow,18.5
1084,1084,7.9,13.2,0.5,74.1,verylow,13.16666667
1085,1085,8.65,14.1,0.6,99.9,verylow,14.41666667
1086,1086,9.43,11.1,2.3,67.2,verylow,15.71666667
1087,1087,4.77,8.93,0.2,99.9,low,7.95
1088,1088,6.5,13.62,1,99.9,low,10.83333333
1089,1089,7.85,13.62,2.1,67.4,low,13.08333333
1090,1090,7.5,12.3,0.2,99.9,verylow,12.5
1091,1091,7.3,15.23,-1.4,99.9,low,12.16666667
1092,1092,7.13,13.4,-0.4,99.9,verylow,11.88333333
1093,1093,8.53,16.7,-1.1,77.5,low,14.21666667
1094,1094,9.32,17.7,-1.6,99.9,verylow,15.53333333
1095,1095,7.97,13.37,-1.5,99.9,verylow,13.28333333
1096,1096,15.86,16.465,-1.9,99.9,verylow,26.43333333
1097,1097,10.52,15.43,-1.9,99.9,verylow,17.53333333
1098,1098,12.43,16.3,15.1,55.7,low,20.71666667
1099,1099,6.33,12.17,0.2,99.9,verylow,10.55
1100,1100,8.53,9.5,-2,99.9,verylow,14.21666667
1101,1101,7.95,13.3,1.1,67.8,low,13.25
1102,1102,6.6,9.77,-0.8,99.9,verylow,11
1103,1103,7.77,13.3,-0.1,91.1,low,12.95
1104,1104,6.77,12.43,-1.4,99.9,low,11.28333333
1105,1105,8.27,15.37,-0.4,99.9,verylow,13.78333333
1106,1106,7.6,16.97,-1.1,77.3,verylow,12.66666667
1107,1107,5.67,12.13,-1.6,99.9,verylow,9.45
1108,1108,9.85,15.35,-1.6,67.1,verylow,16.41666667
1109,1109,7,13.07,-1.5,99.9,verylow,11.66666667
1110,1110,21.2,32.3,-2,99.9,verylow,35.33333333
1111,1111,10.43,17.5,-1.9,99.9,medium,17.38333333
1112,1112,14.03,21.4,15.1,55.8,low,23.38333333
1113,1113,14.3,27.4,0.2,99.9,medium,23.83333333
1114,1114,13.9,21.2,-0.5,99.9,low,23.16666667
1115,1115,12.77,21.47,1,67.6,low,21.28333333
1116,1116,12.2,20.9,-2.1,99.9,low,20.33333333
1117,1117,17.05,31.62,-0.7,99.9,low,28.41666667
1118,1118,22.55,27.025,-0.1,91.3,low,37.58333333
1119,1119,22.2,29.87,-1.4,99.9,low,37
1120,1120,12.5,23.27,2,99.9,low,20.83333333
1121,1121,16.8,24.52,2.6,91.6,low,28
1122,1122,12.67,20.33,3.1,99.9,low,21.11666667
1123,1123,16.7,28.37,0.7,99.9,medium,27.83333333
1124,1124,10.73,18.8,0.5,99.9,low,17.88333333
1125,1125,12.5,21.53,2.1,99.9,medium,20.83333333
1126,1126,14.47,26.23,2.1,99.9,low,24.11666667
1127,1127,12.57,15.7,2.5,99.9,low,20.95
1128,1128,23,29.3,1.8,99.9,medium,38.33333333
1129,1129,12.27,21.27,1.1,99.9,low,20.45
1130,1130,9.85,18.5,0.6,97.1,low,16.41666667
1131,1131,16.02,27.6,0.7,99.9,low,26.7
1132,1132,13.03,14.13,12.5,59.4,low,21.71666667
1133,1133,28.525,26.365,2.4,99.9,medium,47.54166667
1134,1134,22.53,29.53,2.7,91.7,low,37.55
1135,1135,12.43,26.5,3.2,99.9,low,20.71666667
1136,1136,7.27,12.87,0.5,99.9,verylow,12.11666667
1137,1137,14.37,20.73,1.4,99.9,low,23.95
1138,1138,14.97,24.2,0.6,99.9,medium,24.95
1139,1139,12.37,18.17,2.4,99.9,low,20.61666667
1140,1140,14.73,26.5,2.2,99.9,low,24.55
1141,1141,36.08,80.9,3,99.9,medium,60.13333333
1142,1142,20.97,62.77,2.1,99.9,low,34.95
1143,1143,34.47,58.93,1.2,99.9,low,57.45
1144,1144,18.57,51.17,0.7,96.9,verylow,30.95
1145,1145,23.8,57.23,1,99.9,verylow,39.66666667
1146,1146,19.2,21.23,12.5,59.4,verylow,32
1147,1147,22.67,41,2.1,99.9,verylow,37.78333333
1148,1148,26.53,72.33,2.8,91.9,verylow,44.21666667
1149,1149,19.95,42.83,6.1,99.9,verylow,33.25
1150,1150,17.5,36.23,5.9,99.9,verylow,29.16666667
1151,1151,18.67,41.53,5.4,99.9,verylow,31.11666667
1152,1152,27.9,64.63,6.1,99.9,verylow,46.5
1153,1153,38.07,90,6.6,99.9,verylow,63.45
1154,1154,24.27,64.63,11.1,99.9,verylow,40.45
1155,1155,33.92,53.73,6,99.9,verylow,56.53333333
1156,1156,26.67,70.6,8.2,99.9,verylow,44.45
1157,1157,29.77,72,6.1,99.9,verylow,49.61666667
1158,1158,36.27,71.83,6.3,96.9,verylow,60.45
1159,1159,25.4,66.9,6.5,99.9,low,42.33333333
1160,1160,20.9,86.8,8.6,91.5,verylow,34.83333333
1161,1161,23.1,43.7,15.8,56.6,verylow,38.5
1162,1162,20.37,22.47,6.2,99.9,verylow,33.95
1163,1163,33.75,125.7,10.8,99.9,verylow,56.25
1164,1164,27.43,70.17,6,99.9,verylow,45.71666667
1165,1165,28.9,52.23,6.4,99.9,verylow,48.16666667
1166,1166,14.58,27.77,8.5,99.9,verylow,24.3
1167,1167,17.57,35.67,6.2,99.9,verylow,29.28333333
1168,1168,31.47,73.27,6.6,99.9,verylow,52.45
1169,1169,26.1,66.73,8.5,91.5,verylow,43.5
1170,1170,24.1,65.17,15.7,56.8,verylow,40.16666667
1171,1171,34.77,61.2,6.2,99.9,verylow,57.95
1172,1172,25.9,88.3,16.2,99.9,verylow,43.16666667
1173,1173,23.63,64.33,6.8,99.9,verylow,39.38333333
1174,1174,4.67,8.63,9.2,97.2,verylow,7.783333333
1175,1175,3.57,4.87,8.2,99.9,verylow,5.95
1176,1176,10.07,19.93,10.6,99.9,verylow,16.78333333
1177,1177,5.3,9.87,5.7,99.9,verylow,8.833333333
1178,1178,5.6,12.2,6.3,99.9,verylow,9.333333333
1179,1179,3.63,6.47,12.3,99.9,verylow,6.05
1180,1180,5.13,6.57,12.9,99.9,verylow,8.55
1181,1181,6.6,13.63,16.6,54.3,verylow,11
1182,1182,10.8,18.97,7.8,89.7,verylow,18
1183,1183,4.6,10.2,6.4,99.9,verylow,7.666666667
1184,1184,3.7,4.8,6.2,93.4,verylow,6.166666667
1185,1185,5.6,9.27,6.1,99.9,low,9.333333333
1186,1186,4.63,8.77,16.8,99.9,verylow,7.716666667
1187,1187,3.7,5.93,6.7,99.9,verylow,6.166666667
1188,1188,4.8,10.33,9.3,97.4,verylow,8
1189,1189,20.625,11.235,8.3,99.9,verylow,34.375
1190,1190,4.6,7.2,10.6,99.9,verylow,7.666666667
1191,1191,3.7,4,5.7,99.9,verylow,6.166666667
1192,1192,10.63,17.67,6.6,99.9,verylow,17.71666667
1193,1193,6.2,16.27,11.6,99.9,verylow,10.33333333
1194,1194,4.87,8.1,12.3,99.9,verylow,8.116666667
1195,1195,10.77,15.25,16.9,53.6,verylow,17.95
1196,1196,6.3,11.3,6.3,99.9,verylow,10.5
1197,1197,5.5,7.1,6.2,93.3,verylow,9.166666667
1198,1198,4.4,7.68,7.8,89.7,verylow,7.333333333
1199,1199,3.1,4,9.3,93.5,verylow,5.166666667
1200,1200,5.6,8.63,13,99.9,verylow,9.333333333
1201,1201,4.03,11.4,8.5,99.9,verylow,6.716666667
1202,1202,4.6,11.8,10.4,99.9,verylow,7.666666667
1203,1203,5.785,8.365,12.7,99.9,verylow,9.641666667
1204,1204,5.17,8.83,11.6,99.9,verylow,8.616666667
1205,1205,5,7.23,16.2,57,verylow,8.333333333
1206,1206,3.8,6,12.8,99.9,verylow,6.333333333
1207,1207,3.3,6.28,9.7,99.9,verylow,5.5
1208,1208,3.63,4.1,10.6,89.8,verylow,6.05
1209,1209,6.63,11.07,9.3,99.9,verylow,11.05
1210,1210,7.7,10.67,11.3,99.9,verylow,12.83333333
1211,1211,4.27,5.7,9.5,99.9,verylow,7.116666667
1212,1212,6.33,10.57,9.4,93.7,verylow,10.55
1213,1213,3.92,6.78,11.7,99.9,verylow,6.533333333
1214,1214,3.53,7.77,10.1,99.9,verylow,5.883333333
1215,1215,20.625,11.235,8.4,99.9,verylow,34.375
1216,1216,4.53,12.1,12,99.9,verylow,7.55
1217,1217,5.87,8.67,8.5,99.9,verylow,9.783333333
1218,1218,5.97,10,12.4,99.9,verylow,9.95
1219,1219,5.4,9.5,16.2,57,verylow,9
1220,1220,4.63,8.73,12.7,99.9,verylow,7.716666667
1221,1221,3.57,6.97,9.6,99.9,verylow,5.95
1222,1222,4.25,11.55,10.6,89.8,verylow,7.083333333
1223,1223,3.63,4.83,9.2,99.9,verylow,6.05
1224,1224,6.17,11.73,11.7,99.9,verylow,10.28333333
1225,1225,8.07,12.73,9.5,99.9,verylow,13.45
1226,1226,3.63,4.87,9.4,93.6,verylow,6.05
1227,1227,6.2,12.07,10.6,99.9,verylow,10.33333333
1228,1228,4.4,5.78,6.8,99.9,verylow,7.333333333
1229,1229,3.57,8.1,6.5,99.9,verylow,5.95
1230,1230,3.435,7.115,17.2,56.5,verylow,5.725
1231,1231,5.63,10.5,6.7,99.9,verylow,9.383333333
1232,1232,6.07,10.47,7,97.4,verylow,10.11666667
1233,1233,4.43,8.37,6.9,99.9,verylow,7.383333333
1234,1234,2.17,7.5,6.5,99.9,verylow,3.616666667
1235,1235,1.7,5.9,8.8,92.5,verylow,2.833333333
1236,1236,1.3,2.47,7.1,99.9,verylow,2.166666667
1237,1237,2.6,7.8,6.4,99.9,verylow,4.333333333
1238,1238,1.5,4,7.3,99.9,verylow,2.5
1239,1239,1.23,1.73,9,99.9,verylow,2.05
1240,1240,5.85,5.65,9.4,99.9,verylow,9.75
1241,1241,3.3,5.27,7,99.9,verylow,5.5
1242,1242,3.07,9.03,6.8,99.9,verylow,5.116666667
1243,1243,2.07,4.13,6.5,99.9,verylow,3.45
1244,1244,2.5,5.7,6.8,99.9,verylow,4.166666667
1245,1245,1.3,4.37,17.1,56.7,verylow,2.166666667
1246,1246,2.37,7.53,6.7,99.9,verylow,3.95
1247,1247,1.4,3.33,7,96.8,verylow,2.333333333
1248,1248,1.1,7.4,6.6,99.9,verylow,1.833333333
1249,1249,2.33,4.6,8.9,92.4,verylow,3.883333333
1250,1250,2.6,9.33,7.1,99.9,verylow,4.333333333
1251,1251,1.7,4.6,6.4,99.9,verylow,2.833333333
1252,1252,1.77,6.03,9,99.9,verylow,2.95
1253,1253,1.4,5.6,9.4,99.9,verylow,2.333333333
1254,1254,1.8,10.73,6.8,99.9,verylow,3
1255,1255,2.2,8.1,6.9,99.9,verylow,3.666666667
1256,1256,0.93,2.13,11.8,99.9,verylow,1.55
1257,1257,2.65,4.7,11.5,99.9,verylow,4.416666667
1258,1258,2.87,7.33,11.8,99.9,verylow,4.783333333
1259,1259,2.43,5.8,11.7,99.9,verylow,4.05
1260,1260,1.9,5.2,12.7,99.9,verylow,3.166666667
1261,1261,1.93,4.73,13,91.2,verylow,3.216666667
1262,1262,1.6,7.5,12.1,94.9,verylow,2.666666667
1263,1263,1.8,4.77,12.8,99.9,verylow,3
1264,1264,1.08,2.95,12,99.9,verylow,1.8
1265,1265,1.73,6.5,17.7,56.4,verylow,2.883333333
1266,1266,1.9,3.33,11.5,99.9,verylow,3.166666667
1267,1267,2.03,5.4,12,99.9,verylow,3.383333333
1268,1268,1.43,6.17,12.4,99.9,verylow,2.383333333
1269,1269,1.5,6.73,11.8,99.9,verylow,2.5
1270,1270,2.37,8.07,11.9,99.9,verylow,3.95
1271,1271,2.2,5.1,11.9,99.9,verylow,3.666666667
1272,1272,1.6,7.4,12.7,99.9,verylow,2.666666667
1273,1273,1.97,7.43,13,90.9,verylow,3.283333333
1274,1274,1.63,4.4,12.1,94.9,verylow,2.716666667
1275,1275,2.8,8.03,12.8,99.9,verylow,4.666666667
1276,1276,1.4,4.8,12,99.9,verylow,2.333333333
1277,1277,1.87,8,17.9,55.6,verylow,3.116666667
1278,1278,1.3,3.6,11.3,99.9,verylow,2.166666667
1279,1279,2,2.7,12,99.9,verylow,3.333333333
1280,1280,1.87,5.95,12.3,99.9,verylow,3.116666667
1281,1281,6.3,7.05,11.7,99.9,verylow,10.5
1282,1282,2.03,5.43,9.7,99.9,verylow,3.383333333
1283,1283,1.2,2.8,9.5,99.9,verylow,2
1284,1284,2.17,7,17.2,59.5,verylow,3.616666667
1285,1285,2.47,7.83,9.7,99.9,verylow,4.116666667
1286,1286,1.7,4.53,10,99.9,verylow,2.833333333
1287,1287,2.15,7.25,10,99.9,verylow,3.583333333
1288,1288,1.33,6.67,9.6,99.9,verylow,2.216666667
1289,1289,1.83,8.3,10.3,99.9,verylow,3.05
1290,1290,1.97,7,9.5,99.9,verylow,3.283333333
1291,1291,1.67,8.6,9.8,99.9,verylow,2.783333333
1292,1292,1.5,3.37,11.7,99.9,verylow,2.5
1293,1293,1.27,3.23,11.2,93.3,verylow,2.116666667
1294,1294,4.67,11.57,9.6,98.6,verylow,7.783333333
1295,1295,1.95,6.47,10.5,99.9,verylow,3.25
1296,1296,6.53,7.22,10.5,99.9,verylow,10.88333333
1297,1297,1.9,4.13,9.7,99.9,verylow,3.166666667
1298,1298,2,6.23,17.2,59.5,verylow,3.333333333
1299,1299,1.37,1.72,9.6,99.9,verylow,2.283333333
1300,1300,2.12,3.8,9.4,99.9,verylow,3.533333333
1301,1301,0.8,0.9,9.8,99.9,verylow,1.333333333
1302,1302,1,1.43,9.6,99.9,verylow,1.666666667
1303,1303,0.5,0.57,10.3,99.9,verylow,0.833333333
1304,1304,1.07,1.17,9.5,99.9,verylow,1.783333333
1305,1305,0.7,1.03,9.7,99.9,verylow,1.166666667
1306,1306,1.33,1.73,11.8,99.9,verylow,2.216666667
1307,1307,0.63,1.6,11.2,93.3,verylow,1.05
1308,1308,0.93,1.53,9.6,98.2,verylow,1.55
1309,1309,0.4,0.47,10.6,99.9,verylow,0.666666667
1310,1310,0.8,1.27,10.5,99.9,verylow,1.333333333
1311,1311,1.45,1.265,9.7,99.9,verylow,2.416666667
1312,1312,1.23,1.47,17.2,59.5,verylow,2.05
1313,1313,0.8,1.1,9.5,99.9,verylow,1.333333333
1314,1314,0.7,0.78,8.2,99.9,verylow,1.166666667
1315,1315,0.43,0.63,7.9,99.9,verylow,0.716666667
1316,1316,1.57,1.93,8.1,99.9,verylow,2.616666667
1317,1317,2,2.7,17.3,60.2,verylow,3.333333333
1318,1318,0.7,1.03,9.2,99.9,low,1.166666667
1319,1319,0.82,2.35,9,99.9,verylow,1.366666667
1320,1320,1.2,1.3,8.3,99.9,verylow,2
1321,1321,0.5,0.63,10.5,99.9,verylow,0.833333333
1322,1322,1.4,2.53,8.4,99.9,verylow,2.333333333
1323,1323,0.4,7.35,8.1,99.9,verylow,0.666666667
1324,1324,0.77,1.87,10.1,95.2,verylow,1.283333333
1325,1325,3.485,1.3,8.2,99.9,verylow,5.808333333
1326,1326,0.8,0.97,8.5,99.9,verylow,1.333333333
1327,1327,0.8,1.7,8.8,99.9,verylow,1.333333333
1328,1328,0.57,0.57,8.3,99.9,verylow,0.95
1329,1329,0.77,1.3,8.2,99.9,verylow,1.283333333
1330,1330,3.05,4.97,7.9,99.9,verylow,5.083333333
1331,1331,6.2,15.47,8.1,99.9,verylow,10.33333333
1332,1332,1.6,9,17.3,60.2,verylow,2.666666667
1333,1333,2,6.7,9.1,99.9,verylow,3.333333333
1334,1334,2.215,4.525,9,99.9,verylow,3.691666667
1335,1335,2.6,14.65,8.4,99.9,low,4.333333333
1336,1336,2.7,10.3,10.4,99.9,verylow,4.5
1337,1337,1.1,2.63,8.1,99.9,verylow,1.833333333
1338,1338,2.43,11.17,10,95.3,verylow,4.05
1339,1339,2,8.1,8.5,99.9,verylow,3.333333333
1340,1340,2.43,9.83,8.8,99.9,verylow,4.05
1341,1341,1.93,8.57,5.5,92.6,verylow,3.216666667
1342,1342,2.07,6.17,16,63.2,verylow,3.45
1343,1343,2.27,7,5.4,99.9,medium,3.783333333
1344,1344,2.13,6.97,5.7,99.9,veryhigh,3.55
1345,1345,2.37,9.05,7.5,99.9,verylow,3.95
1346,1346,2.2,4.83,6.5,96.3,verylow,3.666666667
1347,1347,1.8,4.85,4.8,99.9,verylow,3
1348,1348,19.67,30.97,4.5,99.9,verylow,32.78333333
1349,1349,1.8,5.27,3.7,99.9,verylow,3
1350,1350,2.575,7.1,5.3,99.9,verylow,4.291666667
1351,1351,2.8,13.4,7.1,99.9,verylow,4.666666667
1352,1352,1.1,3.43,7.9,75,verylow,1.833333333
1353,1353,3.17,10.5,5.4,93,verylow,5.283333333
1354,1354,2.1,5.6,16,63.2,verylow,3.5
1355,1355,1.97,7.2,5.4,99.9,verylow,3.283333333
1356,1356,2.3,7.97,5.6,99.9,verylow,3.833333333
1357,1357,1.97,10.3,7.4,99.9,verylow,3.283333333
1358,1358,2.43,4.77,6.4,96.9,verylow,4.05
1359,1359,3.07,14.3,4.8,99.9,verylow,5.116666667
1360,1360,2.27,8.53,4.4,99.9,medium,3.783333333
1361,1361,3.05,9.43,3.5,99.9,verylow,5.083333333
1362,1362,2.2,8.13,5,88.7,verylow,3.666666667
1363,1363,2.85,8.25,5.2,99.9,verylow,4.75
1364,1364,3.17,9.93,7.9,74.7,verylow,5.283333333
1365,1365,18.515,5.715,14.8,75.6,verylow,30.85833333
1366,1366,2.1,10.27,12,99.9,verylow,3.5
1367,1367,6.8,10.3,14.3,99.9,verylow,11.33333333
1368,1368,4.1,7.5,16.6,61.4,verylow,6.833333333
1369,1369,1.7,4.13,13.2,99.9,verylow,2.833333333
1370,1370,6.37,8.97,13.1,99.9,verylow,10.61666667
1371,1371,4.035,3.15,13.3,99.9,low,6.725
1372,1372,1.1,2.7,13.8,99.9,verylow,1.833333333
1373,1373,33.73,36.33,14.8,90.4,verylow,56.21666667
1374,1374,999.9,1999.9,14.4,99.9,low,1666.5
1375,1375,0.97,1.67,13.4,99.9,verylow,1.616666667
1376,1376,1.27,2.2,15.5,99.9,verylow,2.116666667
1377,1377,3.63,3.83,14.7,75.8,verylow,6.05
1378,1378,3.4,9.1,14.3,99.9,verylow,5.666666667
1379,1379,2.07,4.07,12,99.9,verylow,3.45
1380,1380,2.7,7.33,16.6,61.5,verylow,4.5
1381,1381,1.67,2.23,13.3,99.9,verylow,2.783333333
1382,1382,3.55,4.03,13,99.9,verylow,5.916666667
1383,1383,0.9,2.27,13.4,99.9,verylow,1.5
1384,1384,7.33,10.07,13.9,99.9,verylow,12.21666667
1385,1385,3.93,7.6,14.8,90.4,verylow,6.55
1386,1386,1.6,2.9,13.5,78.4,low,2.666666667
1387,1387,4.97,7.53,14.4,99.9,verylow,8.283333333
1388,1388,2.185,1.95,13.5,99.9,verylow,3.641666667
1389,1389,1.05,1.3,15.5,99.9,low,1.75
1390,1390,33.4,35.8,14.7,76,verylow,55.66666667
1391,1391,1.1,2.42,14.2,99.9,verylow,1.833333333
1392,1392,1.23,1.33,13.4,99.9,verylow,2.05
1393,1393,2.8,3,12.5,99.9,verylow,4.666666667
1394,1394,3.7,10.6,12,99.9,verylow,6.166666667
1395,1395,1.7,1.9,12.6,99.9,verylow,2.833333333
1396,1396,5.13,12.13,18.1,60.5,verylow,8.55
1397,1397,2.03,3,12.1,99.9,verylow,3.383333333
1398,1398,2.7,4.13,13.8,90.4,verylow,4.5
1399,1399,7.63,11.87,14.8,99.9,verylow,12.71666667
1400,1400,2.7,3.57,13.5,99.9,verylow,4.5
1401,1401,28.315,2.6,12.6,99.9,medium,47.19166667
1402,1402,1.7,1.87,13.1,99.9,verylow,2.833333333
1403,1403,1.8,2.2,12.5,99.9,verylow,3
1404,1404,28.33,30.13,12.3,99.9,verylow,47.21666667
1405,1405,0.9,1.02,13.4,99.9,verylow,1.5
1406,1406,2.6,3.23,12.4,99.9,verylow,4.333333333
1407,1407,0.7,1.2,12.7,99.9,verylow,1.166666667
1408,1408,3.93,5.7,18.1,60.5,verylow,6.55
1409,1409,0.9,2.37,12.1,99.9,verylow,1.5
1410,1410,3.4,3.97,13.8,90.4,medium,5.666666667
1411,1411,1.97,3.73,12,99.9,veryhigh,3.283333333
1412,1412,3.93,4.33,14.8,99.9,verylow,6.55
1413,1413,2.33,4.03,13.6,99.9,veryhigh,3.883333333
1414,1414,1.1,1.25,13,99.9,verylow,1.833333333
1415,1415,3.1,6.5,12.4,99.9,veryhigh,5.166666667
1416,1416,28.315,5.45,12.2,99.9,verylow,47.19166667
1417,1417,1.8,2.43,13.4,99.9,medium,3
1418,1418,1.4,4.4,12.4,99.9,verylow,2.333333333
1419,1419,28.3,30.1,12.6,99.9,verylow,47.16666667
1420,1420,1.33,2.3,15.8,99.9,verylow,2.216666667
1421,1421,2.23,2.33,15.1,86,verylow,3.716666667
1422,1422,0.9,1,13.8,99.9,low,1.5
1423,1423,3.8,6.57,16.7,65.3,verylow,6.333333333
1424,1424,0.8,1.63,12.8,99.9,verylow,1.333333333
1425,1425,1.7,1.8,11.9,99.9,veryhigh,2.833333333
1426,1426,9.5,15.5,13.4,99.9,verylow,15.83333333
1427,1427,1.8,3.47,15.2,99.9,verylow,3
1428,1428,1.83,3.33,15.4,99.9,verylow,3.05
1429,1429,0.98,1.07,12.7,99.9,low,1.633333333
